<?xml version="1.0"?>
<Movies><Movie><MovieNo>1</MovieNo><MovieTitle>KGF</MovieTitle><ActorName>Yash</ActorName><ReleaseYear>2022</ReleaseYear></Movie><Movie><MovieNo>2</MovieNo><MovieTitle>Jersey</MovieTitle><ActorName>Sahid</ActorName><ReleaseYear>2022</ReleaseYear></Movie><Movie><MovieNo>3</MovieNo><MovieTitle>Gangubai</MovieTitle><ActorName>Alia</ActorName><ReleaseYear>2022</ReleaseYear></Movie><Movie><MovieNo>5</MovieNo><MovieTitle>RRR</MovieTitle><ActorName>Jr.NTR</ActorName><ReleaseYear>2022</ReleaseYear></Movie><Movie><MovieNo>5</MovieNo><MovieTitle>KashmirFiles</MovieTitle><ActorName>Rohit</ActorName><ReleaseYear>2022</ReleaseYear></Movie></Movies>
