<?xml version="1.0"?>
<Movie_CD_Store><Movie Category="Classical"><MovieTitle>KGF</MovieTitle><ActorName>Yash</ActorName><ReleaseYear>2022</ReleaseYear></Movie><Movie Category="Classical"><MovieTitle>Jersey</MovieTitle><ActorName>Sahid</ActorName><ReleaseYear>2022</ReleaseYear></Movie><Movie Category="Horror"><MovieTitle>Gangubai</MovieTitle><ActorName>Alia</ActorName><ReleaseYear>2022</ReleaseYear></Movie><Movie Category="Horror"><MovieTitle>RRR</MovieTitle><ActorName>Jr.NTR</ActorName><ReleaseYear>2022</ReleaseYear></Movie><Movie Category="Action"><MovieTitle>KashmirFiles</MovieTitle><ActorName>Rohit</ActorName><ReleaseYear>2022</ReleaseYear></Movie><Movie Category="Action"><MovieTitle>Dhoom</MovieTitle><ActorName>John</ActorName><ReleaseYear>2004</ReleaseYear></Movie></Movie_CD_Store>
